{"stats":{"minecraft:mined":{"minecraft:birch_log":1,"minecraft:birch_leaves":5},"minecraft:picked_up":{"minecraft:birch_log":1},"minecraft:custom":{"minecraft:jump":29,"minecraft:time_since_rest":1549,"minecraft:leave_game":1,"minecraft:sprint_one_cm":3030,"minecraft:play_time":1549,"minecraft:damage_taken":30,"minecraft:time_since_death":1549,"minecraft:walk_one_cm":1107,"minecraft:total_world_time":1549,"minecraft:fall_one_cm":2736,"minecraft:fly_one_cm":6774},"minecraft:used":{"minecraft:birch_log":1}},"DataVersion":3465}